time,thumb1x,thumb1y,thumb1z,thumb2x,thumb2y,thumb2z,thumb3x,thumb3y,thumb3z,index1x,index1y,index1z,index2x,index2y,index2z,index3x,index3y,index3z,middle1x,middle1y,middle1z,middle2x,middle2y,middle2z,middle3x,middle3y,middle3z,ring1x,ring1y,ring1z,ring2x,ring2y,ring2z,ring3x,ring3y,ring3z,pinky1x,pinky1y,pinky1z,pinky2x,pinky2y,pinky2z,pinky3x,pinky3y,pinky3z,palmx,palmy,palmz,pinch,
1529669652713,1.199833,0.6749407,-0.9678421,1.167628,0.6954268,-0.967074,1.144339,0.7081233,-0.9624023,1.176867,0.7365523,-0.9274622,1.15479,0.7561228,-0.9167942,1.138706,0.7647805,-0.9105886,1.183154,0.730481,-0.9068295,1.158252,0.7506964,-0.8910429,1.139627,0.759165,-0.8828045,1.193283,0.7161381,-0.8910041,1.170602,0.7329913,-0.8725469,1.152757,0.7402529,-0.862613,1.20257,0.697404,-0.8790969,1.187261,0.7073163,-0.8612038,1.17353,0.711424,-0.8517255,1.21209,0.6853209,-0.9330112,0.0769833,
1529669652740,1.194633,0.6850181,-0.9648603,1.16165,0.7041465,-0.9662776,1.137599,0.7156966,-0.9627557,1.166343,0.746848,-0.9289443,1.142638,0.7656556,-0.920735,1.125586,0.7734392,-0.9162292,1.17107,0.7415206,-0.9075026,1.144213,0.7609811,-0.8942479,1.124488,0.7684853,-0.8879145,1.180166,0.7279606,-0.8905739,1.155318,0.7442175,-0.8746166,1.136197,0.7506057,-0.8666862,1.188815,0.7097746,-0.8774605,1.171453,0.7193063,-0.8613673,1.156561,0.7227969,-0.8535492,1.203727,0.6968142,-0.9298238,0.07512143,
1529669652768,1.194211,0.688616,-0.958491,1.160584,0.7059314,-0.9635556,1.13578,0.7163026,-0.9626615,1.159931,0.7506358,-0.9291935,1.13454,0.7683097,-0.9243121,1.116647,0.7750867,-0.9220099,1.162511,0.7465335,-0.9071844,1.133636,0.7652663,-0.8977498,1.113015,0.7720226,-0.893972,1.170114,0.7341343,-0.8888675,1.14308,0.7500166,-0.8765631,1.122935,0.7558677,-0.8711846,1.177892,0.7168614,-0.8740243,1.158603,0.7264118,-0.8603389,1.142808,0.7295846,-0.8544345,1.198918,0.7023314,-0.9239771,0.07398774,
1529669652795,1.191787,0.692745,-0.9498898,1.157912,0.708845,-0.9571808,1.132949,0.7188616,-0.9583588,1.154974,0.7555554,-0.9264172,1.128536,0.7718692,-0.9230374,1.110043,0.7769966,-0.9215779,1.156926,0.7533372,-0.9044394,1.126975,0.7712392,-0.8973897,1.10576,0.7765975,-0.8950986,1.16414,0.7427615,-0.8853521,1.136088,0.7585865,-0.875762,1.11535,0.7635888,-0.8721795,1.171762,0.7269391,-0.8689383,1.151654,0.7371017,-0.8571079,1.135354,0.7399313,-0.8526898,1.194999,0.7090987,-0.9166869,0.0725065,
1529669652843,1.171354,0.6960953,-0.9482585,1.139023,0.7156967,-0.9540263,1.115389,0.7285789,-0.9542676,1.143961,0.7629901,-0.923923,1.118442,0.7799016,-0.9189082,1.099887,0.7837899,-0.9162344,1.147924,0.7615367,-0.9023188,1.119431,0.7804896,-0.894069,1.098086,0.784438,-0.8912981,1.155441,0.7506992,-0.8837742,1.128538,0.7673662,-0.8736669,1.10758,0.7707029,-0.8704391,1.162739,0.7347981,-0.8674616,1.143593,0.7460765,-0.855554,1.127136,0.7484484,-0.8519668,1.179644,0.713203,-0.9160138,0.06881186,
1529669652874,1.149622,0.7000968,-0.9485142,1.118202,0.7216532,-0.9516068,1.09548,0.7360317,-0.9498478,1.128523,0.7687217,-0.9277393,1.10226,0.7845765,-0.9236478,1.083485,0.7873487,-0.9211562,1.133092,0.7677186,-0.9061536,1.103961,0.7858801,-0.8988386,1.0824,0.7889352,-0.8964033,1.140477,0.757037,-0.8875234,1.112991,0.7732184,-0.8784357,1.091852,0.7759874,-0.875703,1.147104,0.7415987,-0.8710489,1.127218,0.7529006,-0.8604618,1.110559,0.7551575,-0.8577743,1.161627,0.7179613,-0.9184189,0.06000433,
1529669652900,1.138281,0.7047826,-0.9480522,1.107185,0.7269502,-0.9494194,1.084739,0.7416015,-0.946587,1.117866,0.7727901,-0.9289779,1.090792,0.7875,-0.9261292,1.071807,0.7895679,-0.9245697,1.121254,0.7711008,-0.9070934,1.090928,0.7877485,-0.900944,1.069146,0.7901679,-0.8995034,1.127631,0.760071,-0.8885622,1.098849,0.7747844,-0.8809782,1.077463,0.7769265,-0.8794377,1.133195,0.7444986,-0.8723176,1.111817,0.7545037,-0.8634902,1.09487,0.7559656,-0.8623421,1.150055,0.7220792,-0.9187821,0.05433949,
1529669652927,1.125194,0.7096853,-0.9474638,1.094571,0.7325022,-0.9461335,1.072603,0.7474108,-0.941399,1.106732,0.7774987,-0.9299779,1.079263,0.7916708,-0.9276386,1.06022,0.7937978,-0.926456,1.109439,0.7751599,-0.907902,1.078403,0.7907275,-0.9021161,1.056527,0.7930191,-0.9009987,1.115071,0.7637898,-0.8897693,1.085432,0.7773849,-0.8831502,1.063932,0.7793078,-0.8822325,1.119755,0.7480743,-0.8739657,1.097283,0.7569543,-0.8666811,1.080229,0.757899,-0.8666538,1.137483,0.7265248,-0.9196174,0.05028312,
1529669652953,1.116071,0.7130266,-0.9481912,1.08492,0.7350398,-0.9463507,1.062599,0.7492034,-0.9410882,1.095756,0.7799292,-0.9299941,1.067895,0.7935501,-0.9275063,1.048854,0.7961329,-0.9263418,1.098096,0.7770427,-0.9079384,1.066369,0.7913196,-0.9019952,1.044436,0.7932959,-0.9008249,1.103693,0.7654544,-0.8901364,1.073283,0.7775319,-0.8837301,1.0517,0.7788687,-0.8829433,1.108462,0.7495729,-0.8747946,1.0852,0.7568846,-0.8682352,1.068079,0.7570503,-0.8686465,1.1278,0.7297844,-0.9201666,0.05107592,
1529669652981,1.106991,0.7158853,-0.9505393,1.07547,0.7374284,-0.9493179,1.052833,0.7513689,-0.9447958,1.085264,0.7824888,-0.9323913,1.05733,0.7961216,-0.9301624,1.038318,0.7990239,-0.9291925,1.087271,0.77956,-0.9103602,1.055444,0.7940491,-0.9046231,1.033588,0.7966577,-0.9034368,1.092807,0.7680382,-0.8923834,1.062361,0.7803709,-0.8859164,1.040844,0.7824571,-0.8848428,1.097617,0.7521353,-0.8768938,1.074363,0.7595161,-0.8699577,1.05726,0.7600884,-0.8698426,1.117866,0.7326968,-0.9222248,0.05220279,
1529669653016,1.084166,0.7198487,-0.9566601,1.052443,0.7411467,-0.9576967,1.029524,0.7551838,-0.955251,1.060619,0.7864379,-0.9373627,1.033229,0.8012314,-0.9347398,1.014431,0.8051326,-0.9335762,1.062521,0.7837512,-0.9157472,1.031364,0.8000329,-0.9099837,1.009844,0.8043951,-0.908462,1.068227,0.7724056,-0.8973792,1.038518,0.7865082,-0.8902739,1.017323,0.7903723,-0.8883876,1.073298,0.7565341,-0.8815795,1.050739,0.7652354,-0.8735511,1.033782,0.7670578,-0.872166,1.09398,0.7367105,-0.9273391,0.05650173,
1529669653046,1.076461,0.7211659,-0.960824,1.044915,0.7422811,-0.9654421,1.021826,0.7562388,-0.9657821,1.04962,0.7871243,-0.9397866,1.022787,0.8029345,-0.9374042,1.004128,0.8074779,-0.9367362,1.050256,0.7840617,-0.9184713,1.019549,0.8014727,-0.9135262,0.9982013,0.8066652,-0.9127467,1.055019,0.772296,-0.8999861,1.025581,0.7873038,-0.8935324,1.004511,0.791934,-0.8922187,1.059623,0.7562537,-0.8842033,1.037401,0.7659961,-0.8763503,1.020567,0.7687633,-0.874946,1.083077,0.7370642,-0.9294586,0.06150061,
1529669653073,1.060818,0.7200204,-0.9652972,1.029585,0.7408224,-0.9725968,1.00639,0.7544435,-0.9744811,1.03177,0.7860975,-0.9442681,1.005741,0.8033129,-0.9424504,0.9873882,0.8090441,-0.9422101,1.031582,0.7830815,-0.9228315,1.001633,0.8019406,-0.9183722,0.9805855,0.8082697,-0.9179176,1.035681,0.7712121,-0.903933,1.006821,0.7873683,-0.8975291,0.9859776,0.7929327,-0.8962592,1.03994,0.7550492,-0.8878652,1.01824,0.7656362,-0.8796043,1.001573,0.7691301,-0.8778405,1.065146,0.7357441,-0.9328446,0.06620964,
1529669653100,1.048612,0.7194511,-0.9695046,1.017904,0.740785,-0.977308,0.9948007,0.7545336,-0.9789926,1.020095,0.7858512,-0.9462341,0.9952283,0.8045878,-0.9435576,0.9772352,0.8113006,-0.9429369,1.019748,0.7823392,-0.9248279,0.9908438,0.8024721,-0.9194837,0.970038,0.8094577,-0.918726,1.023544,0.7698835,-0.9061444,0.9954451,0.7868885,-0.8989466,0.9747251,0.792787,-0.8974751,1.027632,0.7532525,-0.8903794,1.006613,0.7644712,-0.8814034,0.9900491,0.7682766,-0.8794596,1.052394,0.7342479,-0.9361143,0.06950572,
1529669653127,1.03235,0.7193131,-0.9742233,1.002868,0.7420574,-0.9825712,0.9802814,0.7566112,-0.9842441,1.005001,0.7858058,-0.9480447,0.9814047,0.8058332,-0.9441203,0.9637036,0.8131596,-0.9430026,1.00427,0.7816271,-0.9270155,0.9762741,0.8026035,-0.9210138,0.9555135,0.8096574,-0.920326,1.007508,0.7684859,-0.9088147,0.9799726,0.7860063,-0.9014057,0.959191,0.7916938,-0.9003837,1.011183,0.7514285,-0.8935522,0.9906811,0.7632964,-0.8845524,0.9741136,0.7672291,-0.8831488,1.035508,0.7327198,-0.9397835,0.07192639,
1529669653153,1.024018,0.7197495,-0.9761109,0.9954886,0.743432,-0.9849776,0.9732733,0.7585182,-0.9867522,0.9970954,0.786072,-0.9479936,0.9742226,0.8066708,-0.9433438,0.9566161,0.8141534,-0.9420155,0.9959355,0.781408,-0.9272826,0.9683409,0.8026513,-0.9210614,0.9475274,0.8095328,-0.9206213,0.9987324,0.7678245,-0.9094238,0.9713908,0.7854393,-0.9021138,0.9505154,0.79075,-0.9016418,1.002091,0.7504885,-0.8944994,0.9817619,0.7625698,-0.8856907,0.9651456,0.7664013,-0.8848732,1.026483,0.73215,-0.940824,0.0733083,
1529669653179,1.016986,0.7206635,-0.9777208,0.9889687,0.7446514,-0.9872172,0.966849,0.7598381,-0.9892606,0.9891971,0.7865513,-0.9487888,0.9665333,0.8072736,-0.9439198,0.9489378,0.8148044,-0.9426183,0.9875137,0.7815813,-0.928326,0.959873,0.8027267,-0.9222832,0.9389995,0.809463,-0.9221644,0.9899673,0.7678018,-0.9106637,0.9624885,0.7852476,-0.9037582,0.9415436,0.7902718,-0.9038082,0.993158,0.7503953,-0.8958953,0.9727618,0.7625232,-0.8874217,0.9561244,0.7663583,-0.8869694,1.018375,0.7324654,-0.9419001,0.07428054,
1529669653215,1.007003,0.7241995,-0.9802788,0.9793681,0.7483189,-0.9904325,0.9573339,0.7635795,-0.9929272,0.9780906,0.7896156,-0.9508457,0.9555112,0.8104064,-0.9458873,0.9379871,0.8181651,-0.9445636,0.9761092,0.7844884,-0.9305062,0.9484662,0.8056686,-0.9245135,0.927646,0.8126723,-0.9243975,0.9784007,0.7706119,-0.912938,0.9508591,0.7880245,-0.9061859,0.9299198,0.7931557,-0.9063337,0.9815755,0.753201,-0.8982641,0.9611882,0.7654452,-0.8898839,0.9445881,0.7695434,-0.889338,1.007421,0.7355875,-0.9440504,0.07545149,
1529669653246,0.9965643,0.7303556,-0.9828341,0.9692398,0.7548184,-0.9929248,0.9473777,0.7703567,-0.995294,0.9682202,0.7958578,-0.9529138,0.945733,0.8166926,-0.9478261,0.9282129,0.824456,-0.9463888,0.9664518,0.7907748,-0.932623,0.9389478,0.8120891,-0.9265607,0.918143,0.8191547,-0.9263611,0.9688851,0.7769147,-0.9150459,0.9415146,0.794513,-0.9081811,0.920591,0.7997323,-0.9082311,0.972123,0.7595575,-0.900439,0.9519346,0.7721016,-0.8920323,0.9353862,0.7764295,-0.8913733,0.997287,0.7416438,-0.94639,0.07540379,
1529669653273,0.9865953,0.7393293,-0.9875718,0.959815,0.7642562,-0.9978912,0.9382657,0.7802309,-1.000279,0.9592765,0.8056031,-0.9587978,0.9367892,0.8265137,-0.9541588,0.9192256,0.8342102,-0.9529171,0.9575838,0.800978,-0.9384807,0.9301822,0.8225416,-0.9329848,0.9093837,0.8296214,-0.9330436,0.9599596,0.7875044,-0.9206657,0.9327636,0.8055139,-0.9143306,0.9118692,0.8108189,-0.9146526,0.9630285,0.7705216,-0.9057888,0.9430404,0.7836648,-0.8978853,0.9265513,0.7882188,-0.8975414,0.9876016,0.7511703,-0.9513254,0.07429262,
1529669653300,0.9802175,0.7472923,-0.9895279,0.9538739,0.772921,-0.9992774,0.9327317,0.7894847,-1.001331,0.9546889,0.8140818,-0.9610268,0.9323285,0.835054,-0.9563196,0.9147036,0.842572,-0.9550546,0.9531999,0.8096578,-0.9407519,0.9260764,0.8314998,-0.9353023,0.9052774,0.8385265,-0.9354467,0.9554839,0.7962409,-0.9229314,0.9285533,0.8145814,-0.9166994,0.9076756,0.8198782,-0.9171723,0.9583929,0.7793803,-0.9080161,0.9387139,0.7929978,-0.9002315,0.9222915,0.7977538,-0.9000398,0.9820288,0.7592129,-0.953599,0.07269643,
1529669653328,0.9723589,0.760763,-0.9896311,0.9465575,0.7870236,-0.9992905,0.9259629,0.8042517,-1.001655,0.9486659,0.8284624,-0.9624834,0.9265118,0.849595,-0.9580442,0.9087617,0.8567618,-0.9570639,0.9469694,0.8244023,-0.9423279,0.9201175,0.8465576,-0.9375281,0.8992636,0.8532143,-0.938298,0.9486281,0.8110652,-0.9244885,0.9217296,0.8295573,-0.9191629,0.9008249,0.8343834,-0.9204758,0.9510742,0.7945106,-0.9093932,0.9314649,0.8085675,-0.9024277,0.9150699,0.8133108,-0.9029877,0.9745125,0.7730784,-0.9543076,0.07100386,
1529669653353,0.9685515,0.7722393,-0.9891255,0.9430732,0.7986071,-0.9992515,0.9224688,0.8157836,-1.001687,0.9447422,0.8404095,-0.9633572,0.9228736,0.861815,-0.9592206,0.9050757,0.868758,-0.958684,0.9422343,0.836518,-0.9433149,0.9154984,0.8588071,-0.9391909,0.8946264,0.8650326,-0.9407488,0.9428776,0.8231701,-0.9257411,0.9156567,0.8413335,-0.9218401,0.8947549,0.8452649,-0.9244667,0.944894,0.8070067,-0.910464,0.9251624,0.8213068,-0.9046289,0.9088144,0.8258131,-0.9062673,0.969724,0.784861,-0.954173,0.07041343,
1529669653380,0.9629362,0.782415,-0.9901159,0.9379468,0.8094896,-0.9995481,0.9176971,0.8271462,-1.001289,0.9417261,0.8513432,-0.9634069,0.9213847,0.8736539,-0.957383,0.9038001,0.8806903,-0.9558919,0.9393114,0.8476125,-0.9436413,0.9137429,0.8706801,-0.9382275,0.892899,0.8766658,-0.9393822,0.9394274,0.8340905,-0.9267194,0.9126743,0.8526532,-0.9225544,0.8918083,0.856241,-0.9252493,0.9414222,0.818076,-0.9115946,0.9221687,0.832919,-0.9058781,0.9058939,0.8373046,-0.9078574,0.964878,0.7950197,-0.9554824,0.07156134,
1529669653415,0.9575449,0.7999407,-0.9892894,0.933274,0.8277858,-0.9983873,0.9135065,0.8460022,-0.999945,0.9386435,0.8695552,-0.9628733,0.9193328,0.8924431,-0.9560511,0.901919,0.8997158,-0.95434,0.9357624,0.866078,-0.9433976,0.9111481,0.8899314,-0.9377614,0.8904523,0.8960923,-0.9391618,0.9348536,0.85255,-0.9269804,0.9085445,0.8716469,-0.9235105,0.8878264,0.8751159,-0.9269538,0.9361376,0.8366667,-0.9119941,0.9172322,0.8521043,-0.9071712,0.9011371,0.8564452,-0.9100755,0.959204,0.8124504,-0.9552611,0.07140896,
1529669653446,0.9492258,0.8197948,-0.9869634,0.9273703,0.8507462,-0.9909541,0.9098933,0.871203,-0.9894631,0.9399028,0.8889072,-0.956804,0.9229482,0.9123257,-0.9468656,0.9060639,0.9202034,-0.9434867,0.9375179,0.8845628,-0.9377572,0.914812,0.9092113,-0.9293199,0.8943222,0.9160566,-0.9294389,0.9362679,0.8704853,-0.9227127,0.9116437,0.8913776,-0.9173476,0.8911256,0.8967723,-0.9195408,0.9373584,0.8543986,-0.9088748,0.9205084,0.8718023,-0.9031699,0.9048922,0.8779627,-0.9053058,0.9551659,0.8300728,-0.9539239,0.06730179,
1529669653473,0.9426085,0.8412477,-0.9829963,0.9240189,0.8745781,-0.9838226,0.9091202,0.8967989,-0.9804578,0.9396833,0.9085584,-0.9504652,0.9218581,0.9310141,-0.9402001,0.9046039,0.938384,-0.9368248,0.9381219,0.9033711,-0.9316353,0.9154257,0.9278038,-0.9225034,0.8949593,0.9348903,-0.9223452,0.9372535,0.8889767,-0.9170105,0.9136645,0.9108071,-0.9104931,0.8934112,0.9172875,-0.9120622,0.9378146,0.8727097,-0.9041529,0.9222459,0.891178,-0.8979979,0.9070793,0.8985152,-0.8997205,0.9512454,0.8491108,-0.9504749,0.06044468,
1529669653500,0.9394479,0.8547791,-0.9794338,0.9224027,0.8889469,-0.9788623,0.9088246,0.9119065,-0.9748864,0.9388108,0.9208373,-0.9463059,0.919999,0.9425035,-0.9360681,0.9025372,0.9495674,-0.9326324,0.9376956,0.9151726,-0.9275017,0.9143986,0.9391052,-0.917953,0.8939513,0.9465486,-0.9172279,0.9372417,0.900687,-0.9130906,0.9136249,0.9225525,-0.9059621,0.8935049,0.9297668,-0.906781,0.9379705,0.8846613,-0.9007239,0.9227679,0.9035476,-0.8944737,0.9078841,0.9116348,-0.8956643,0.9496282,0.8615423,-0.9472066,0.05694969,
1529669653527,0.9363154,0.8763919,-0.9724013,0.919203,0.910556,-0.9717515,0.9057431,0.9336701,-0.9682069,0.9352011,0.9416928,-0.9393231,0.9148828,0.9625375,-0.9298666,0.897123,0.969065,-0.9270299,0.9339558,0.9358777,-0.9206679,0.9093148,0.9589515,-0.9120736,0.8886551,0.9658073,-0.912047,0.9335207,0.9213707,-0.9063283,0.9090054,0.942612,-0.9000454,0.8887887,0.9495445,-0.9013883,0.9341357,0.905557,-0.8941259,0.9183147,0.9242616,-0.8886211,0.9034261,0.9323348,-0.8901685,0.9467143,0.8828938,-0.9401348,0.05497864,
1529669653552,0.9323301,0.887175,-0.9674337,0.9157962,0.9216429,-0.9667105,0.9030515,0.9451938,-0.9633252,0.9321913,0.9527774,-0.9373544,0.911165,0.9732431,-0.9278628,0.8936921,0.9803017,-0.9240754,0.9323902,0.9476584,-0.9183121,0.9073584,0.970501,-0.9090894,0.8869081,0.9782217,-0.9074048,0.9332314,0.9339054,-0.9034837,0.9086218,0.9551895,-0.8964875,0.8885601,0.9630221,-0.896169,0.9347309,0.9188856,-0.8910451,0.9188834,0.9378464,-0.8857173,0.9041681,0.9464918,-0.8862819,0.944613,0.8946445,-0.9363446,0.05348564,
1529669653580,0.9289401,0.8965096,-0.9599539,0.9115704,0.9305427,-0.9606164,0.8984656,0.9539686,-0.957826,0.926327,0.9638711,-0.937197,0.9041801,0.9836669,-0.9281939,0.8869877,0.991055,-0.9234362,0.9287238,0.96082,-0.9176359,0.9026384,0.982746,-0.9083736,0.8822476,0.9904667,-0.9050624,0.9320688,0.9490525,-0.9016501,0.9067181,0.9695988,-0.8944788,0.8865831,0.9773111,-0.8925836,0.9355584,0.9356265,-0.888003,0.9189459,0.9542001,-0.8831331,0.9040679,0.9627235,-0.8827067,0.9430873,0.9074629,-0.9312386,0.05186328,
1529669653615,0.9281358,0.9086112,-0.9460764,0.9076262,0.9406028,-0.9505525,0.8927332,0.9631106,-0.9507995,0.9199142,0.9774534,-0.9366904,0.8946874,0.9937786,-0.9303019,0.8761921,0.996393,-0.9258158,0.9243789,0.9784471,-0.9175358,0.8953012,0.9970041,-0.9115292,0.8737118,1.00005,-0.9088233,0.9310133,0.9707305,-0.8994533,0.9037805,0.9889801,-0.894307,0.8826975,0.9933559,-0.8924751,0.9366814,0.9601252,-0.8836271,0.9179349,0.976808,-0.8805726,0.9017267,0.9821035,-0.8806964,0.9436789,0.9256282,-0.9218236,0.04478297,
1529669653646,0.930065,0.9277424,-0.9253665,0.9043707,0.954108,-0.9359312,0.8861043,0.973293,-0.9410048,0.9140196,0.9952959,-0.9343582,0.8868812,1.007795,-0.9303232,0.8694481,1.005009,-0.923917,0.9190921,1.000935,-0.9167944,0.887114,1.014265,-0.9138146,0.8658541,1.012064,-0.9097456,0.9286,0.9999254,-0.8977607,0.8989769,1.013815,-0.8952569,0.87762,1.013308,-0.8924561,0.9366652,0.9945587,-0.8797223,0.9152628,1.007382,-0.8789171,0.8982859,1.007674,-0.8786995,0.945683,0.952594,-0.9084172,0.03969053,
1529669653673,0.9384036,0.9526772,-0.8978684,0.9086896,0.9698185,-0.915193,0.8873456,0.9831583,-0.9250324,0.91338,1.01264,-0.9270333,0.8846686,1.020649,-0.9292229,0.867568,1.01617,-0.922942,0.9162924,1.023656,-0.9116253,0.8829088,1.031828,-0.9157901,0.861918,1.027006,-0.9125604,0.9242826,1.029392,-0.8915695,0.8930886,1.039198,-0.8951468,0.8719645,1.035992,-0.893436,0.9311869,1.029721,-0.8710746,0.9078895,1.038226,-0.8737497,0.8912003,1.035059,-0.8739331,0.9493164,0.9842825,-0.8875535,0.03853948,
1529669653699,0.9567575,0.968411,-0.8789521,0.9264305,0.9779884,-0.9003664,0.903998,0.9863737,-0.9127029,0.9261642,1.021569,-0.9171252,0.8977183,1.025725,-0.926911,0.8798252,1.020663,-0.9248402,0.9255189,1.034877,-0.9022464,0.8929817,1.039616,-0.9139256,0.8721166,1.033714,-0.9148307,0.9295741,1.043277,-0.8806731,0.8984079,1.049585,-0.8891745,0.8776633,1.044411,-0.8901961,0.9335538,1.045724,-0.85871,0.9098338,1.051228,-0.8637679,0.893782,1.045943,-0.865326,0.9607244,1.002119,-0.8704444,0.04367411,
1529669653726,0.9805624,0.9998642,-0.853018,0.9520749,1.001336,-0.8786334,0.9300005,1.00375,-0.893901,0.9446344,1.046092,-0.8965676,0.9185094,1.043993,-0.9119954,0.9020532,1.035092,-0.9138181,0.9385464,1.058938,-0.8822145,0.9087943,1.05772,-0.9007189,0.8902835,1.047977,-0.9061279,0.9365329,1.067127,-0.8597841,0.9066137,1.067704,-0.8741708,0.8877462,1.059196,-0.8794726,0.9359785,1.069257,-0.8370123,0.9124671,1.069846,-0.8458179,0.8979738,1.062106,-0.8502572,0.9749753,1.034212,-0.8441722,0.04647644,
1529669653753,0.9964035,1.015334,-0.8378536,0.9707305,1.009881,-0.8658262,0.9503732,1.006774,-0.8831663,0.9543142,1.054449,-0.8838066,0.9305295,1.047961,-0.9020293,0.9161824,1.036678,-0.9068312,0.9443628,1.065828,-0.8699523,0.9170638,1.060928,-0.8917352,0.9008093,1.049601,-0.9006417,0.938834,1.072594,-0.8477923,0.910655,1.069717,-0.8655738,0.8935339,1.060151,-0.8742205,0.9357423,1.073137,-0.8247801,0.9128843,1.070669,-0.835577,0.8991295,1.062877,-0.842144,0.9823138,1.047513,-0.8293349,0.05121806,
1529669653781,1.000392,1.023763,-0.8288432,0.9745631,1.017004,-0.8563263,0.9540439,1.012974,-0.8731909,0.9556058,1.062606,-0.8727066,0.9313145,1.055227,-0.889819,0.9170502,1.043541,-0.894011,0.9460295,1.074394,-0.8585216,0.917974,1.069673,-0.8793886,0.9013621,1.058626,-0.8880652,0.9412789,1.081202,-0.8361741,0.9125321,1.078628,-0.852971,0.8950676,1.069227,-0.8611922,0.9389448,1.081779,-0.8128483,0.9155432,1.080148,-0.8226057,0.9012687,1.072941,-0.8287228,0.9855785,1.055862,-0.8195287,0.05231021,
1529669653815,1.001922,1.03551,-0.818059,0.975773,1.026441,-0.844503,0.9546818,1.020605,-0.8600937,0.9508554,1.070747,-0.8583723,0.9259936,1.061763,-0.8740499,0.9120148,1.049561,-0.8784166,0.940883,1.081833,-0.8435549,0.9118133,1.075616,-0.8625464,0.8952245,1.063973,-0.8708069,0.9368398,1.088092,-0.8211703,0.9073382,1.084525,-0.8365138,0.8897822,1.07488,-0.8443847,0.9356605,1.088416,-0.7978961,0.9117928,1.086612,-0.8065581,0.8973402,1.079485,-0.8122743,0.9842188,1.066218,-0.8071659,0.05472348,
1529669653847,1.001922,1.03551,-0.818059,0.975773,1.026441,-0.844503,0.9546818,1.020605,-0.8600937,0.9508554,1.070747,-0.8583723,0.9259936,1.061763,-0.8740499,0.9120148,1.049561,-0.8784166,0.940883,1.081833,-0.8435549,0.9118133,1.075616,-0.8625464,0.8952245,1.063973,-0.8708069,0.9368398,1.088092,-0.8211703,0.9073382,1.084525,-0.8365138,0.8897822,1.07488,-0.8443847,0.9356605,1.088416,-0.7978961,0.9117928,1.086612,-0.8065581,0.8973402,1.079485,-0.8122743,0.9842188,1.066218,-0.8071659,0.05472348,
1529669653872,1.001922,1.03551,-0.818059,0.975773,1.026441,-0.844503,0.9546818,1.020605,-0.8600937,0.9508554,1.070747,-0.8583723,0.9259936,1.061763,-0.8740499,0.9120148,1.049561,-0.8784166,0.940883,1.081833,-0.8435549,0.9118133,1.075616,-0.8625464,0.8952245,1.063973,-0.8708069,0.9368398,1.088092,-0.8211703,0.9073382,1.084525,-0.8365138,0.8897822,1.07488,-0.8443847,0.9356605,1.088416,-0.7978961,0.9117928,1.086612,-0.8065581,0.8973402,1.079485,-0.8122743,0.9842188,1.066218,-0.8071659,0.05472348,
1529669653898,1.001922,1.03551,-0.818059,0.975773,1.026441,-0.844503,0.9546818,1.020605,-0.8600937,0.9508554,1.070747,-0.8583723,0.9259936,1.061763,-0.8740499,0.9120148,1.049561,-0.8784166,0.940883,1.081833,-0.8435549,0.9118133,1.075616,-0.8625464,0.8952245,1.063973,-0.8708069,0.9368398,1.088092,-0.8211703,0.9073382,1.084525,-0.8365138,0.8897822,1.07488,-0.8443847,0.9356605,1.088416,-0.7978961,0.9117928,1.086612,-0.8065581,0.8973402,1.079485,-0.8122743,0.9842188,1.066218,-0.8071659,0.05472348,
1529669653925,1.001922,1.03551,-0.818059,0.975773,1.026441,-0.844503,0.9546818,1.020605,-0.8600937,0.9508554,1.070747,-0.8583723,0.9259936,1.061763,-0.8740499,0.9120148,1.049561,-0.8784166,0.940883,1.081833,-0.8435549,0.9118133,1.075616,-0.8625464,0.8952245,1.063973,-0.8708069,0.9368398,1.088092,-0.8211703,0.9073382,1.084525,-0.8365138,0.8897822,1.07488,-0.8443847,0.9356605,1.088416,-0.7978961,0.9117928,1.086612,-0.8065581,0.8973402,1.079485,-0.8122743,0.9842188,1.066218,-0.8071659,0.05472348,
1529669653952,1.001922,1.03551,-0.818059,0.975773,1.026441,-0.844503,0.9546818,1.020605,-0.8600937,0.9508554,1.070747,-0.8583723,0.9259936,1.061763,-0.8740499,0.9120148,1.049561,-0.8784166,0.940883,1.081833,-0.8435549,0.9118133,1.075616,-0.8625464,0.8952245,1.063973,-0.8708069,0.9368398,1.088092,-0.8211703,0.9073382,1.084525,-0.8365138,0.8897822,1.07488,-0.8443847,0.9356605,1.088416,-0.7978961,0.9117928,1.086612,-0.8065581,0.8973402,1.079485,-0.8122743,0.9842188,1.066218,-0.8071659,0.05472348,
1529669653979,1.001922,1.03551,-0.818059,0.975773,1.026441,-0.844503,0.9546818,1.020605,-0.8600937,0.9508554,1.070747,-0.8583723,0.9259936,1.061763,-0.8740499,0.9120148,1.049561,-0.8784166,0.940883,1.081833,-0.8435549,0.9118133,1.075616,-0.8625464,0.8952245,1.063973,-0.8708069,0.9368398,1.088092,-0.8211703,0.9073382,1.084525,-0.8365138,0.8897822,1.07488,-0.8443847,0.9356605,1.088416,-0.7978961,0.9117928,1.086612,-0.8065581,0.8973402,1.079485,-0.8122743,0.9842188,1.066218,-0.8071659,0.05472348,
1529669654028,1.001922,1.03551,-0.818059,0.975773,1.026441,-0.844503,0.9546818,1.020605,-0.8600937,0.9508554,1.070747,-0.8583723,0.9259936,1.061763,-0.8740499,0.9120148,1.049561,-0.8784166,0.940883,1.081833,-0.8435549,0.9118133,1.075616,-0.8625464,0.8952245,1.063973,-0.8708069,0.9368398,1.088092,-0.8211703,0.9073382,1.084525,-0.8365138,0.8897822,1.07488,-0.8443847,0.9356605,1.088416,-0.7978961,0.9117928,1.086612,-0.8065581,0.8973402,1.079485,-0.8122743,0.9842188,1.066218,-0.8071659,0.05472348,
1529669654059,1.001922,1.03551,-0.818059,0.975773,1.026441,-0.844503,0.9546818,1.020605,-0.8600937,0.9508554,1.070747,-0.8583723,0.9259936,1.061763,-0.8740499,0.9120148,1.049561,-0.8784166,0.940883,1.081833,-0.8435549,0.9118133,1.075616,-0.8625464,0.8952245,1.063973,-0.8708069,0.9368398,1.088092,-0.8211703,0.9073382,1.084525,-0.8365138,0.8897822,1.07488,-0.8443847,0.9356605,1.088416,-0.7978961,0.9117928,1.086612,-0.8065581,0.8973402,1.079485,-0.8122743,0.9842188,1.066218,-0.8071659,0.05472348,
1529669654085,1.001922,1.03551,-0.818059,0.975773,1.026441,-0.844503,0.9546818,1.020605,-0.8600937,0.9508554,1.070747,-0.8583723,0.9259936,1.061763,-0.8740499,0.9120148,1.049561,-0.8784166,0.940883,1.081833,-0.8435549,0.9118133,1.075616,-0.8625464,0.8952245,1.063973,-0.8708069,0.9368398,1.088092,-0.8211703,0.9073382,1.084525,-0.8365138,0.8897822,1.07488,-0.8443847,0.9356605,1.088416,-0.7978961,0.9117928,1.086612,-0.8065581,0.8973402,1.079485,-0.8122743,0.9842188,1.066218,-0.8071659,0.05472348,
1529669654112,1.001922,1.03551,-0.818059,0.975773,1.026441,-0.844503,0.9546818,1.020605,-0.8600937,0.9508554,1.070747,-0.8583723,0.9259936,1.061763,-0.8740499,0.9120148,1.049561,-0.8784166,0.940883,1.081833,-0.8435549,0.9118133,1.075616,-0.8625464,0.8952245,1.063973,-0.8708069,0.9368398,1.088092,-0.8211703,0.9073382,1.084525,-0.8365138,0.8897822,1.07488,-0.8443847,0.9356605,1.088416,-0.7978961,0.9117928,1.086612,-0.8065581,0.8973402,1.079485,-0.8122743,0.9842188,1.066218,-0.8071659,0.05472348,
1529669654141,0.8781661,1.029596,-0.6553593,0.8482251,1.049668,-0.6436349,0.8274335,1.05901,-0.6295118,0.856527,1.086131,-0.6101313,0.8399969,1.10561,-0.5913041,0.8280861,1.116086,-0.5799314,0.8520815,1.05807,-0.6065614,0.8335594,1.04029,-0.6146765,0.8435502,1.025444,-0.6255277,0.8616496,1.046176,-0.5933791,0.8430007,1.030789,-0.602707,0.8511373,1.017265,-0.6156328,0.8703383,1.035309,-0.5821854,0.8538269,1.028072,-0.5890749,0.8596192,1.01849,-0.6005632,0.8886018,1.035787,-0.6242425,0.075606,
1529669654167,0.8779738,1.021063,-0.6560583,0.8493606,1.043434,-0.6445454,0.8289758,1.055325,-0.6317703,0.8609942,1.072875,-0.6034297,0.8449097,1.087383,-0.5809005,0.8309729,1.092167,-0.5684304,0.8544223,1.051688,-0.5997302,0.8263456,1.040442,-0.6034655,0.8243949,1.023417,-0.6152089,0.8644243,1.038177,-0.5864022,0.8362702,1.029935,-0.5889573,0.8311983,1.01545,-0.6022922,0.8796989,1.029373,-0.5703546,0.8597535,1.035878,-0.5599393,0.845075,1.029861,-0.5672451,0.8897828,1.023891,-0.6238451,0.0733026,
1529669654193,0.8766043,1.005995,-0.6592529,0.847946,1.028285,-0.6471674,0.8274694,1.041165,-0.6354651,0.8581506,1.054259,-0.607664,0.8312715,1.057591,-0.5954924,0.8139321,1.047139,-0.5981438,0.8664091,1.048619,-0.5911462,0.8421056,1.054894,-0.5824867,0.8228177,1.04417,-0.5892285,0.875149,1.030541,-0.5794988,0.8502672,1.041289,-0.5637107,0.8287693,1.038441,-0.5638794,0.8847112,1.011997,-0.572836,0.8723795,1.025088,-0.5552906,0.8573456,1.028394,-0.5515004,0.890095,1.007424,-0.6271935,0.04014756,
1529669654229,0.8745872,0.9939241,-0.6561271,0.8440571,1.015149,-0.6468768,0.8223719,1.028479,-0.6380744,0.8545972,1.044475,-0.6077536,0.8281387,1.046875,-0.5980796,0.8140297,1.035351,-0.6003609,0.8666717,1.040734,-0.5880883,0.8420427,1.055297,-0.5709388,0.820289,1.054928,-0.5666733,0.8758761,1.023879,-0.576362,0.8535676,1.037723,-0.5579338,0.8328443,1.038193,-0.5534225,0.8841927,1.004881,-0.5694008,0.8702497,1.01714,-0.553056,0.8544594,1.020278,-0.5484493,0.889529,0.9981471,-0.6234395,0.03923168,
1529669654261,0.8732699,0.9859748,-0.6516628,0.8417947,1.006404,-0.6440643,0.8194188,1.019112,-0.6360849,0.8519665,1.038103,-0.6024235,0.8265395,1.046378,-0.5879141,0.8085746,1.042491,-0.5832529,0.8621157,1.033075,-0.5838039,0.8375359,1.048504,-0.5647756,0.8169174,1.049527,-0.5582758,0.8720309,1.017153,-0.5718787,0.8486763,1.029904,-0.5532883,0.8281026,1.03014,-0.5476136,0.8808184,0.9988442,-0.5646778,0.8646042,1.009453,-0.5494531,0.8483334,1.0117,-0.54466,0.8877019,0.9914867,-0.6183054,0.05878265,
1529669654287,0.872283,0.9810366,-0.6478449,0.840692,1.001255,-0.6402329,0.8182309,1.013681,-0.6320625,0.8512404,1.033157,-0.5978947,0.8263611,1.042122,-0.5827321,0.8083315,1.039462,-0.5771452,0.8601991,1.027159,-0.5798316,0.8348721,1.04204,-0.5608592,0.814362,1.042954,-0.5543969,0.8702474,1.011236,-0.5679576,0.8460961,1.023165,-0.549553,0.825492,1.023233,-0.5438437,0.8791857,0.9930367,-0.5608064,0.8622264,1.002931,-0.5457562,0.8458844,1.004861,-0.5410347,0.8866431,0.9863923,-0.6143503,0.06147005,
1529669654313,0.8697017,0.9758846,-0.6449875,0.8380453,0.995931,-0.6372938,0.8155534,1.008086,-0.62881,0.8485763,1.027893,-0.5944038,0.8244386,1.03724,-0.5782329,0.8066088,1.035048,-0.5717957,0.8565416,1.021212,-0.577004,0.8304794,1.035098,-0.5580645,0.8099564,1.035808,-0.5512841,0.8669773,1.00555,-0.5651551,0.8422671,1.01672,-0.5466449,0.8217595,1.016791,-0.5403745,0.8764486,0.9877777,-0.5579755,0.8592004,0.9973727,-0.5427147,0.8430279,0.9992925,-0.5375133,0.8840349,0.9813094,-0.6114205,0.06369898,
1529669654340,0.8649344,0.9709185,-0.6388094,0.8331912,0.9905933,-0.6305847,0.8106617,1.002334,-0.6216333,0.8442608,1.021772,-0.5864372,0.8206208,1.030856,-0.5694823,0.8029385,1.028403,-0.5628093,0.8517215,1.014351,-0.569714,0.8253529,1.027427,-0.5505288,0.8048225,1.028255,-0.5433147,0.8625699,0.9985545,-0.5581524,0.8380089,1.009376,-0.5388898,0.817769,1.009981,-0.5316408,0.8723572,0.9806148,-0.5512992,0.8554665,0.9898008,-0.5350972,0.83969,0.9919275,-0.5289122,0.8795452,0.9756384,-0.6050714,0.06480379,
1529669654368,0.862797,0.9682128,-0.6334693,0.8310245,0.9877028,-0.6249017,0.8084716,0.9993389,-0.6158558,0.8425657,1.018361,-0.5800467,0.8191863,1.027171,-0.5627204,0.8015411,1.024396,-0.5561427,0.8497252,1.010518,-0.56367,0.8232608,1.023127,-0.5444077,0.8026451,1.023647,-0.5373755,0.8605744,0.9945214,-0.5523595,0.8360744,1.005115,-0.5328761,0.8158435,1.005575,-0.5257117,0.8704071,0.9764599,-0.545764,0.8536997,0.9854749,-0.5292856,0.837922,0.9874405,-0.5231845,0.877447,0.972361,-0.5996782,0.06512732,
1529669654394,0.8596501,0.964005,-0.6310371,0.8276826,0.9832987,-0.6227524,0.8049604,0.9948474,-0.6139979,0.8383859,1.013581,-0.5773127,0.8150784,1.022614,-0.5598394,0.7975032,1.020037,-0.5531521,0.8454389,1.005606,-0.5609165,0.8188848,1.018017,-0.5416204,0.7982744,1.01869,-0.5343778,0.856412,0.9896421,-0.5495874,0.8319886,1.000214,-0.5298233,0.811912,1.000944,-0.5222342,0.8664935,0.9715946,-0.5429689,0.8500214,0.9805189,-0.5260748,0.8345139,0.9827157,-0.5193407,0.8738851,0.9679553,-0.5969909,0.06627458,
1529669654429,0.8596685,0.9628415,-0.6264792,0.827689,0.9822671,-0.6185048,0.8049322,0.9940057,-0.6100948,0.8383394,1.012524,-0.5726316,0.8153505,1.022788,-0.5549929,0.7978646,1.021924,-0.5474383,0.8456439,1.004577,-0.556066,0.8197428,1.01808,-0.5363865,0.7994809,1.02021,-0.5282,0.8566519,0.9884602,-0.5446631,0.8330574,1.000045,-0.5241694,0.8135704,1.002306,-0.5151846,0.8668425,0.9701458,-0.5379587,0.8512943,0.9794654,-0.5202431,0.8365046,0.9824945,-0.5122014,0.873778,0.9665905,-0.5922776,0.06895807,
1529669654462,0.8597893,0.9617991,-0.6219153,0.8280398,0.98166,-0.6140552,0.8054121,0.9937519,-0.6058079,0.8389409,1.01141,-0.5676929,0.8163155,1.022559,-0.5498631,0.7990081,1.022832,-0.541839,0.8465474,1.00342,-0.550954,0.8215524,1.017957,-0.5306555,0.801793,1.021378,-0.521615,0.8574867,0.9871094,-0.5396144,0.8349375,0.9996732,-0.518361,0.8161037,1.00315,-0.5083562,0.867553,0.9684283,-0.5329803,0.8530446,0.9781462,-0.5145096,0.8389884,0.9818726,-0.5054623,0.8738939,0.9650813,-0.5875918,0.07055985,
1529669654487,0.8595211,0.9602206,-0.6196129,0.8280364,0.9804339,-0.611601,0.8055716,0.992745,-0.6032319,0.8391526,1.009682,-0.5651233,0.8166489,1.020949,-0.5471973,0.7993598,1.021298,-0.5391915,0.8467699,1.001583,-0.5483846,0.8219533,1.016184,-0.527994,0.8021199,1.019436,-0.5191327,0.8574884,0.9851283,-0.5372002,0.8349624,0.9977151,-0.5160384,0.8159418,1.000989,-0.5063722,0.8673209,0.9663627,-0.530718,0.8527732,0.9761978,-0.5123994,0.8385381,0.9799145,-0.503647,0.8736168,0.9631292,-0.5852904,0.07039202,
1529669654513,0.8593789,0.9591992,-0.6167032,0.8280369,0.9795274,-0.60844,0.805666,0.9918638,-0.599862,0.8392433,1.008329,-0.5619079,0.8167485,1.019416,-0.54389,0.7994334,1.019537,-0.5359928,0.8468626,1.000143,-0.5452275,0.8220886,1.014621,-0.5247542,0.8021867,1.017669,-0.5160203,0.8574666,0.9835839,-0.5341942,0.8349062,0.9960508,-0.5130585,0.8157563,0.9991092,-0.5036212,0.8671574,0.9647936,-0.5278933,0.8525163,0.9746383,-0.5096865,0.8381397,0.978296,-0.5011607,0.8734401,0.9618031,-0.5824388,0.06988516,
1529669654540,0.8567466,0.958376,-0.6135476,0.8263984,0.9793964,-0.6035845,0.8047491,0.9918877,-0.5935344,0.8391275,1.006517,-0.5574906,0.8167522,1.017107,-0.5391902,0.7993698,1.016434,-0.5317074,0.8475938,0.9981306,-0.5408941,0.8241211,1.013086,-0.5192764,0.8046159,1.016567,-0.5098997,0.8579379,0.9810268,-0.5305513,0.83671,0.9940338,-0.5083292,0.8181282,0.9977641,-0.4980577,0.8670505,0.9617227,-0.5249782,0.8533226,0.9717016,-0.5061271,0.8394552,0.975786,-0.4969313,0.8717377,0.9597102,-0.5797192,0.0667385,
1529669654566,0.8559207,0.9582566,-0.6099634,0.8262179,0.9797314,-0.5991277,0.8050252,0.9923617,-0.5883163,0.8398944,1.00624,-0.5532424,0.8183275,1.017689,-0.534368,0.8012013,1.018184,-0.52606,0.8483842,0.9973221,-0.5367771,0.8257452,1.012657,-0.5144738,0.8066357,1.016666,-0.5044976,0.8587015,0.9799191,-0.5266722,0.8384351,0.9931955,-0.5036637,0.8204102,0.9974737,-0.4925861,0.8675719,0.9601285,-0.5213193,0.8546414,0.9697815,-0.501713,0.841257,0.9738915,-0.4918324,0.8712887,0.9588851,-0.5763771,0.06750739,
1529669654594,0.8548974,0.9579411,-0.6042124,0.8259524,0.9799815,-0.5927008,0.805281,0.9925894,-0.580907,0.8396115,1.005738,-0.5471309,0.8189474,1.01834,-0.5277165,0.8025104,1.020785,-0.5181125,0.8481101,0.9963957,-0.5306966,0.8262378,1.012167,-0.5076827,0.8078765,1.017088,-0.4966814,0.8586221,0.9790041,-0.5207402,0.8390466,0.9925101,-0.4971676,0.8215806,0.9972297,-0.4853646,0.8676773,0.9588827,-0.5153371,0.855517,0.9681792,-0.4950201,0.8426175,0.9721684,-0.4844996,0.8703543,0.9579637,-0.5706791,0.06888971,
1529669654630,0.8535147,0.9595437,-0.5967818,0.8256472,0.9826522,-0.5849621,0.8055863,0.9955702,-0.5724814,0.8381759,1.007371,-0.540037,0.8180287,1.020887,-0.5205641,0.8021489,1.024929,-0.5103794,0.8459169,0.9975425,-0.5234749,0.8242662,1.013747,-0.5003735,0.8064688,1.019735,-0.488847,0.8557649,0.9800643,-0.5135336,0.8359419,0.9938993,-0.4902822,0.8185323,0.9991226,-0.4785776,0.8642198,0.9598695,-0.508037,0.8515701,0.9694079,-0.4880908,0.8386509,0.9737744,-0.4776961,0.8680283,0.9588171,-0.5631775,0.0687781,
1529669654660,0.8535277,0.957872,-0.5933224,0.825853,0.9814023,-0.5823927,0.8057451,0.9937993,-0.5695472,0.8347788,1.005779,-0.5377216,0.8151805,1.020332,-0.5180928,0.8004606,1.026368,-0.5070874,0.8419094,0.9961653,-0.5206081,0.8206698,1.012953,-0.4971772,0.8043354,1.020656,-0.4844026,0.8514111,0.9793067,-0.5103306,0.8314888,0.9938657,-0.4872794,0.8151464,1.000562,-0.4746689,0.8597699,0.9596936,-0.5044212,0.8464279,0.969971,-0.4851461,0.8339782,0.975202,-0.4744821,0.865968,0.9573559,-0.5591268,0.07063906,
1529669654686,0.8530076,0.9584492,-0.5907586,0.8265991,0.9830783,-0.5793726,0.8072091,0.9958339,-0.5658373,0.8354467,1.006215,-0.5346142,0.8171024,1.02175,-0.5144599,0.8032132,1.028772,-0.5029707,0.8423004,0.996128,-0.5174893,0.8224399,1.013649,-0.493313,0.807249,1.022336,-0.479754,0.8511887,0.9789433,-0.5074696,0.8323491,0.9941739,-0.4838439,0.8170443,1.00183,-0.4704698,0.8588716,0.9591894,-0.5018941,0.846087,0.9699906,-0.4824583,0.8343373,0.9758987,-0.4713391,0.8649262,0.9569658,-0.5565969,0.07108486,
1529669654714,0.8521247,0.9592535,-0.5873879,0.8269541,0.9848818,-0.5755371,0.8083261,0.9981043,-0.5614381,0.8360469,1.006966,-0.5307661,0.8187304,1.023055,-0.5101424,0.8056846,1.030868,-0.4981431,0.842801,0.9965819,-0.5137268,0.8243871,1.014797,-0.4888449,0.810609,1.024485,-0.4744534,0.8514558,0.9791571,-0.5038287,0.8340568,0.9949978,-0.4794216,0.8202099,1.003618,-0.4650431,0.8587289,0.9593329,-0.4985185,0.8470222,0.9706385,-0.4786264,0.8364604,0.9772503,-0.46671,0.8639727,0.9570634,-0.5533299,0.07132114,
1529669654740,0.8523989,0.9617178,-0.580714,0.8291306,0.9887725,-0.5681432,0.811641,1.002971,-0.5535498,0.8390651,1.009676,-0.5237787,0.8223972,1.026061,-0.5030501,0.809539,1.034115,-0.4909828,0.845404,0.9987686,-0.5068634,0.8283653,1.017756,-0.4815589,0.8154898,1.02814,-0.4668191,0.8533419,0.980674,-0.4970213,0.8372508,0.9969094,-0.4719577,0.8244461,1.006109,-0.4569623,0.8596208,0.9605421,-0.4920176,0.8487235,0.9720448,-0.4717674,0.8388162,0.9789996,-0.4594783,0.8640863,0.9585245,-0.5469964,0.06992121,
1529669654766,0.8529681,0.9638375,-0.5759448,0.8308049,0.991715,-0.5631294,0.8139416,1.006614,-0.5484903,0.8412857,1.012005,-0.5191535,0.8239287,1.027907,-0.4989154,0.8098137,1.034911,-0.4876263,0.8471116,1.000808,-0.5023088,0.8299358,1.019944,-0.4772136,0.817045,1.030529,-0.462621,0.8541849,0.9823482,-0.4925682,0.8377473,0.9986806,-0.4677815,0.8249782,1.008136,-0.4528983,0.8594439,0.9621445,-0.4877577,0.8476538,0.9737833,-0.4680944,0.8375065,0.9809788,-0.4561073,0.864727,0.9601912,-0.5423751,0.06724741,
1529669654794,0.8529052,0.9653189,-0.5694237,0.8308882,0.993403,-0.5568424,0.8140661,1.008396,-0.5422705,0.8405659,1.014052,-0.5136831,0.8226011,1.029711,-0.4937128,0.8083305,1.036675,-0.4825983,0.8456405,1.003204,-0.4970266,0.8268739,1.022202,-0.4729878,0.8134294,1.032882,-0.458939,0.8522758,0.9851803,-0.4872844,0.8334556,1.001614,-0.4644134,0.8190366,1.010937,-0.4509882,0.8570855,0.965264,-0.482319,0.8429964,0.9774562,-0.4646366,0.8311229,0.9847451,-0.4544114,0.8642801,0.9621431,-0.5358844,0.06628262,
1529669654829,0.8528985,0.9663837,-0.5622201,0.8309132,0.994393,-0.5493162,0.814203,1.009609,-0.5347911,0.8403168,1.015328,-0.5073159,0.8218373,1.030709,-0.4874552,0.8073807,1.037468,-0.4764618,0.8448702,1.004365,-0.4908192,0.8239452,1.022094,-0.4677062,0.8085992,1.031446,-0.4546992,0.851451,0.9865872,-0.4811655,0.8302668,1.001878,-0.4598048,0.8136353,1.009746,-0.4481334,0.8562267,0.9670228,-0.4762722,0.8404773,0.9790014,-0.4598995,0.8274152,0.9858486,-0.4509606,0.8644348,0.9636657,-0.5291196,0.06499975,
1529669654860,0.8520072,0.9674603,-0.5561172,0.8296195,0.9950625,-0.5429162,0.8127325,1.010153,-0.5284401,0.8393438,1.017764,-0.5030141,0.8203104,1.033449,-0.4839365,0.8052306,1.039926,-0.4736893,0.8427302,1.006138,-0.4864175,0.8192613,1.022299,-0.4648296,0.8013904,1.029431,-0.4539475,0.8490071,0.9886322,-0.4767173,0.8251913,1.002496,-0.4575325,0.8061137,1.008063,-0.4488457,0.8539517,0.9696573,-0.471572,0.8363355,0.981313,-0.4571108,0.8214804,0.9870608,-0.4507416,0.8636396,0.965645,-0.5235413,0.06277207,
1529669654887,0.8508261,0.967598,-0.5558129,0.8278283,0.9947836,-0.5427285,0.8105356,1.0096,-0.5284557,0.837465,1.018565,-0.503617,0.8179961,1.034408,-0.4851753,0.8025267,1.040761,-0.4754611,0.8402005,1.006518,-0.4868649,0.8153923,1.021721,-0.4662962,0.7963355,1.027524,-0.456813,0.8464198,0.9892313,-0.4770429,0.8216612,1.002572,-0.4588444,0.8017884,1.006995,-0.451766,0.8514396,0.9704574,-0.4717047,0.8331944,0.9819559,-0.4579986,0.8177835,0.9871622,-0.4527809,0.8621722,0.9662619,-0.5233651,0.06199675,
1529669654913,0.84951,0.9689198,-0.5544506,0.8266774,0.9961547,-0.5410813,0.8095046,1.011092,-0.526793,0.8370634,1.020757,-0.5030909,0.8177751,1.037299,-0.4850459,0.8023975,1.044172,-0.4755504,0.8388926,1.008078,-0.4863385,0.8130056,1.02253,-0.4668457,0.7929339,1.026917,-0.4591233,0.8447935,0.990859,-0.4764972,0.8191788,1.003768,-0.4594657,0.7987092,1.00726,-0.4540225,0.8496352,0.9723327,-0.4710735,0.8309271,0.9839826,-0.4582845,0.8150789,0.9887788,-0.4544363,0.8608721,0.9677784,-0.5223526,0.06140506,
1529669654940,0.8469868,0.9699336,-0.5557804,0.8241694,0.9971611,-0.5422968,0.8071187,1.012198,-0.5279754,0.8356465,1.022802,-0.5053851,0.8165074,1.03954,-0.4873282,0.8014116,1.046792,-0.4776233,0.8376406,1.010339,-0.488367,0.8118721,1.024793,-0.4688248,0.7916031,1.028484,-0.4617152,0.8434355,0.9933184,-0.4784292,0.8180337,1.00657,-0.4612666,0.7976394,1.009903,-0.4560564,0.8479519,0.9748971,-0.4730294,0.8292098,0.9868807,-0.4604712,0.8134164,0.9916321,-0.4569401,0.8588952,0.9694762,-0.5240553,0.06135657,
1529669654966,0.8460683,0.9704797,-0.5565617,0.8234506,0.9976097,-0.5425349,0.8065892,1.012561,-0.5279022,0.8354932,1.023183,-0.5059469,0.8165045,1.039594,-0.487475,0.8014945,1.046699,-0.4775155,0.8375579,1.01075,-0.4890596,0.812239,1.025374,-0.4689249,0.7922748,1.02949,-0.4612035,0.8433086,0.9937567,-0.4792779,0.8184219,1.007434,-0.461471,0.7983702,1.011356,-0.4555417,0.8476442,0.9753385,-0.4741096,0.8292,0.9876323,-0.4612828,0.8136397,0.992647,-0.4574791,0.8582931,0.9699917,-0.5251467,0.06107524,
1529669654996,0.8447774,0.9716599,-0.5576593,0.8222083,0.9987078,-0.5433732,0.8054765,1.013588,-0.5285376,0.8347099,1.023955,-0.5067715,0.8155356,1.039578,-0.4877641,0.8006363,1.04636,-0.4774086,0.8374317,1.012012,-0.4900081,0.8124748,1.026566,-0.4693547,0.7926658,1.030645,-0.4612722,0.8432623,0.9950699,-0.4803775,0.8187529,1.008872,-0.4620302,0.7989566,1.013081,-0.4554585,0.8476315,0.9767347,-0.4753548,0.8293732,0.9891506,-0.4623328,0.8139194,0.994188,-0.458371,0.8575659,0.9712787,-0.526426,0.06092276,
1529669655369,0.839168,0.9848983,-0.5727198,0.8142307,1.011342,-0.5616326,0.7961184,1.026173,-0.5484891,0.8250978,1.039452,-0.5261391,0.8030555,1.052491,-0.508357,0.787128,1.057638,-0.4985851,0.8306869,1.032664,-0.5091856,0.8052428,1.048939,-0.4911598,0.7847137,1.051972,-0.4849085,0.8377742,1.017375,-0.4980195,0.8133731,1.033545,-0.4820085,0.7933615,1.038586,-0.4759016,0.8430095,0.9991176,-0.4908767,0.8238825,1.011539,-0.480627,0.8074012,1.013439,-0.4803507,0.8524874,0.9885074,-0.5411958,0.05967657,
1529669655480,0.8308998,1.006482,-0.6907736,0.8030812,1.029915,-0.6810381,0.7850951,1.041794,-0.6655302,0.8066801,1.056556,-0.6526077,0.7863877,1.046901,-0.6442372,0.7801669,1.028442,-0.6495075,0.8135254,1.054243,-0.6362731,0.7818295,1.057526,-0.6195913,0.7651016,1.04836,-0.6176047,0.8252515,1.043482,-0.6229544,0.7951893,1.046451,-0.6074908,0.7793205,1.039021,-0.6061003,0.8350268,1.031042,-0.614953,0.8115302,1.030735,-0.610268,0.795563,1.023892,-0.6121573,0.8457431,1.017977,-0.6613827,0.02143128,
1529669655616,0.8259077,0.9450123,-0.7724715,0.7984606,0.9687051,-0.7616575,0.7800351,0.9807304,-0.7466751,0.7990699,1.000531,-0.7374763,0.7759489,0.9989806,-0.729046,0.7647032,0.982664,-0.7298012,0.8028255,0.979476,-0.727453,0.785135,0.9604321,-0.7316954,0.7958736,0.9453536,-0.7412831,0.8134978,0.969482,-0.7137368,0.7967488,0.9524419,-0.7200327,0.8066154,0.9384698,-0.731593,0.8229547,0.9597251,-0.7029682,0.8078868,0.9494171,-0.7089953,0.8150984,0.9382018,-0.718293,0.837684,0.9550444,-0.7436952,0.02288089,
1529669655658,0.8365105,0.8785309,-0.8038114,0.810167,0.9026932,-0.7911838,0.7917329,0.9143116,-0.775894,0.8179718,0.9327857,-0.75931,0.7946271,0.9446371,-0.7424464,0.7780335,0.9487223,-0.7332998,0.8160145,0.9141976,-0.7514874,0.7924362,0.9026994,-0.7556443,0.7976099,0.8867752,-0.7668104,0.8251716,0.9021057,-0.737075,0.8021376,0.8939708,-0.7407814,0.8040437,0.8788961,-0.7543345,0.8335623,0.8887879,-0.7275531,0.8148441,0.8868436,-0.7301069,0.8154626,0.8757988,-0.7415395,0.848899,0.8834022,-0.7731892,0.05644499,
1529669655687,0.8514876,0.8158863,-0.8329246,0.825484,0.8387339,-0.8173132,0.807091,0.8490595,-0.8010045,0.8344773,0.8634074,-0.7832896,0.8078995,0.867512,-0.7701775,0.7891403,0.8635726,-0.7667675,0.8364703,0.8521918,-0.7703475,0.8049091,0.8526003,-0.7654847,0.7921054,0.8397865,-0.775916,0.8447178,0.8359353,-0.7590084,0.8135449,0.8409308,-0.7496406,0.7982128,0.8338343,-0.7563511,0.8519959,0.8191407,-0.7522838,0.8296965,0.8272454,-0.7431989,0.8135089,0.8258742,-0.7468605,0.8646873,0.8166756,-0.8020698,0.04129202,
1529669655714,0.8566421,0.7929719,-0.8420289,0.8310047,0.815706,-0.8256214,0.812583,0.8258671,-0.8092101,0.8416843,0.8393694,-0.7904257,0.8153187,0.8436553,-0.7782823,0.7989384,0.8360568,-0.7805887,0.8444475,0.8286135,-0.7760249,0.8133178,0.8356459,-0.7652254,0.7929678,0.83038,-0.7691907,0.8511986,0.8108045,-0.7657763,0.8221599,0.8191056,-0.7529123,0.8013322,0.8175764,-0.7540443,0.8575655,0.7934066,-0.760118,0.8378454,0.8038408,-0.7482817,0.8213679,0.8071365,-0.7468138,0.8697135,0.791933,-0.8110357,0.03330447,
1529669655740,0.8569235,0.7668457,-0.8487676,0.8308249,0.7883929,-0.8315228,0.8117692,0.7971282,-0.8150503,0.8418769,0.809858,-0.7941468,0.8152769,0.8137367,-0.7837095,0.8004244,0.8059608,-0.7892126,0.8448001,0.7985548,-0.7791331,0.814835,0.8078949,-0.7663553,0.7942013,0.8051745,-0.7700511,0.8495243,0.7789487,-0.7707309,0.8209242,0.7874007,-0.7578004,0.7996962,0.7872616,-0.7593441,0.8550938,0.7609148,-0.7662964,0.8361779,0.7713151,-0.7537808,0.8197492,0.7749562,-0.7533246,0.8687545,0.7631286,-0.8175687,0.02956869,
1529669655767,0.8564006,0.7496735,-0.8538996,0.8299006,0.7698476,-0.8357255,0.8106631,0.7766696,-0.8187383,0.8422599,0.7902855,-0.7974758,0.8157804,0.7930286,-0.7892275,0.8022888,0.7845267,-0.7972093,0.8454488,0.7785808,-0.7825774,0.8158616,0.7874348,-0.7711385,0.7964617,0.7836422,-0.777871,0.8497703,0.7581524,-0.7748843,0.8215669,0.7656632,-0.7635307,0.8019156,0.7636747,-0.7699527,0.8551165,0.7394207,-0.7711153,0.8366183,0.7488742,-0.7586088,0.8206615,0.7511849,-0.7615029,0.8685309,0.7442656,-0.8226851,0.02440007,
1529669655794,0.8548874,0.723663,-0.8645338,0.8286561,0.74286,-0.8450961,0.810056,0.7478471,-0.8270657,0.8434276,0.7625239,-0.8065541,0.8171341,0.7644923,-0.7984382,0.8041197,0.7557148,-0.8069395,0.8469307,0.7505357,-0.7924452,0.8176436,0.7576904,-0.7828437,0.7998313,0.7519961,-0.7922112,0.8523459,0.7301567,-0.7846315,0.8250235,0.7371783,-0.773205,0.8061818,0.7344198,-0.7810757,0.8584296,0.7106779,-0.780902,0.8413678,0.7193289,-0.7668211,0.8255649,0.72138,-0.7698216,0.8685667,0.717409,-0.8337252,0.02240989,
1529669655830,0.8509567,0.7019882,-0.8660899,0.825532,0.7187188,-0.8436683,0.808385,0.7205142,-0.824031,0.8430371,0.735687,-0.8060756,0.8169568,0.7349724,-0.7995731,0.8054055,0.7254195,-0.8098354,0.8475206,0.7230641,-0.7931398,0.8179936,0.7279643,-0.7842471,0.8005079,0.7216993,-0.7945279,0.8554228,0.7031441,-0.7856486,0.8293818,0.7095395,-0.7723024,0.8101864,0.7069631,-0.7796104,0.8623735,0.6820281,-0.7831739,0.8474616,0.6885331,-0.7658511,0.8310996,0.6911322,-0.7655336,0.86755,0.6938118,-0.8367079,0.01531187,
1529669655860,0.8526878,0.6809565,-0.8692302,0.8261585,0.6962688,-0.8471359,0.8084878,0.6965936,-0.8280119,0.8426803,0.7104352,-0.8088787,0.8158671,0.7079329,-0.805107,0.805195,0.6981663,-0.8163893,0.8473437,0.6976483,-0.7960411,0.816328,0.701802,-0.7878299,0.7977479,0.6965022,-0.7971562,0.8568505,0.6780487,-0.7880071,0.8308733,0.6848367,-0.7714939,0.8102912,0.6841667,-0.7744585,0.8641185,0.6554565,-0.7863803,0.8500187,0.6594478,-0.7667642,0.8342225,0.6620885,-0.7605503,0.8695883,0.6712027,-0.8394326,0.01218198,
1529669655886,0.8575736,0.6660289,-0.8715429,0.8300682,0.6823725,-0.8514016,0.8113992,0.683757,-0.8332598,0.8452798,0.6963317,-0.8120807,0.818091,0.6939323,-0.8094441,0.8074425,0.6839251,-0.8206404,0.8495849,0.6838444,-0.7985749,0.8180358,0.688579,-0.7910324,0.799148,0.683654,-0.7999763,0.8588724,0.6643797,-0.7897227,0.8324925,0.6718123,-0.7735165,0.8115571,0.6718154,-0.775437,0.8655791,0.6412679,-0.7875763,0.8503646,0.6449032,-0.768616,0.8344691,0.6473299,-0.7625598,0.873407,0.6564139,-0.8404902,0.01322615,
1529669655913,0.8595218,0.6532231,-0.8752426,0.8315316,0.670809,-0.8569498,0.8122371,0.6734126,-0.8395299,0.8457341,0.6851274,-0.8163119,0.8182654,0.683092,-0.8134076,0.8070917,0.6729171,-0.8239039,0.8499629,0.6729774,-0.8022374,0.8183956,0.6778407,-0.7949457,0.7997744,0.672499,-0.8039953,0.8590462,0.6536674,-0.7928206,0.8322762,0.6610894,-0.7774628,0.8114414,0.6606272,-0.780099,0.8654565,0.6306081,-0.7900547,0.8490995,0.6343127,-0.7723054,0.8325816,0.6364174,-0.7685791,0.8746226,0.644348,-0.8431163,0.01645878,
1529669655940,0.8603242,0.6377549,-0.8797092,0.8322148,0.6559532,-0.8623148,0.8125279,0.6589377,-0.8453536,0.8451111,0.6690716,-0.8201449,0.8174631,0.6674769,-0.8169376,0.8058761,0.6576222,-0.8272096,0.8491032,0.6564881,-0.8060532,0.8175641,0.6610791,-0.7988797,0.7993397,0.6556529,-0.8084346,0.8577797,0.6369299,-0.7969308,0.8305348,0.6435923,-0.7822918,0.8098935,0.6427168,-0.7858742,0.8637773,0.6141276,-0.7945154,0.8462408,0.6174729,-0.7780282,0.8294928,0.6192062,-0.7766682,0.8745707,0.6282776,-0.8469861,0.01936962,
1529669655967,0.8600442,0.6298643,-0.8824519,0.8321096,0.6481417,-0.8649621,0.81241,0.6507464,-0.8480333,0.8439109,0.6599184,-0.822203,0.8165239,0.6583928,-0.8192468,0.8054106,0.6486655,-0.8301115,0.8475919,0.6468897,-0.8085114,0.8162927,0.651045,-0.8021891,0.7990714,0.6452583,-0.8131016,0.8561571,0.6266998,-0.7994787,0.8288254,0.6325269,-0.7848258,0.8082335,0.6316164,-0.7887408,0.8618008,0.6041338,-0.7978039,0.8438162,0.6069805,-0.7817409,0.8270873,0.6086011,-0.7811208,0.873498,0.6194202,-0.8497491,0.01935233,
1529669655994,0.8585456,0.6183428,-0.8823394,0.8310449,0.6360183,-0.8638046,0.8118776,0.6372056,-0.8463435,0.8421996,0.6468923,-0.8216902,0.8154531,0.6447544,-0.81935,0.8057302,0.6348865,-0.8313137,0.8456107,0.6333731,-0.808654,0.8148087,0.6362137,-0.8039787,0.7996492,0.6295533,-0.8170636,0.854278,0.6128634,-0.7997699,0.8267258,0.6175309,-0.7855546,0.8064375,0.6162391,-0.7904866,0.8598815,0.5907314,-0.7986925,0.8415787,0.5931357,-0.7829077,0.8248895,0.5946625,-0.7827697,0.8717709,0.6071216,-0.8501483,0.01640309,
1529669656031,0.855762,0.6101263,-0.879115,0.8289413,0.6256599,-0.8580602,0.8105416,0.6239524,-0.8401288,0.840122,0.6357555,-0.8183434,0.8149416,0.6333284,-0.8185376,0.8088818,0.6237793,-0.8328971,0.8423536,0.6210697,-0.8070596,0.8125443,0.6231093,-0.8061482,0.8010991,0.6163539,-0.8225209,0.8514071,0.6000406,-0.7976578,0.8242738,0.6047835,-0.7820699,0.8038269,0.6048177,-0.7860221,0.8560988,0.5777332,-0.7981644,0.8384767,0.5795619,-0.7808053,0.8220204,0.5816007,-0.7775951,0.8685504,0.5971209,-0.8485911,0.007421695,
1529669656060,0.8528348,0.6011289,-0.8741614,0.827293,0.6134528,-0.8497812,0.8099254,0.608875,-0.8313265,0.8393953,0.6230949,-0.8127239,0.8151239,0.6210682,-0.8138889,0.8108226,0.6123343,-0.829326,0.8410029,0.6073595,-0.8035353,0.8121039,0.6094973,-0.8044955,0.8031231,0.6033454,-0.8224669,0.8507411,0.5852228,-0.7942754,0.8246313,0.5893779,-0.7771569,0.8044662,0.5902735,-0.781052,0.8547555,0.5628304,-0.7968575,0.8391845,0.5632389,-0.7768691,0.8241985,0.5648574,-0.768857,0.8658741,0.5863734,-0.8462357,0.00409553,
1529669656086,0.851018,0.5932344,-0.8698694,0.8265685,0.6031966,-0.8434387,0.8102631,0.5967033,-0.8246661,0.8397579,0.6133994,-0.8082125,0.8156675,0.6113231,-0.8093512,0.8116735,0.6029735,-0.82504,0.8414236,0.5972347,-0.8000239,0.8125081,0.5992938,-0.8009877,0.803503,0.5936317,-0.8191317,0.8515572,0.5746989,-0.7913429,0.8258491,0.5781444,-0.7740746,0.8059294,0.5791436,-0.7786428,0.8553415,0.5524864,-0.7949492,0.8403944,0.5521346,-0.7744651,0.8258648,0.5534045,-0.7656137,0.8650438,0.5778258,-0.8435227,0.006437712,
1529669656113,0.8484556,0.5849895,-0.866913,0.8247753,0.5931597,-0.8392374,0.8093541,0.5853203,-0.8202799,0.8379673,0.6045579,-0.8059212,0.8139852,0.6018268,-0.8074483,0.8103999,0.5935621,-0.8233218,0.8398082,0.5882666,-0.7982354,0.8108346,0.5895556,-0.7998339,0.802186,0.5839408,-0.8182342,0.8498833,0.5662396,-0.7899103,0.8235627,0.5691965,-0.7749188,0.8044319,0.5697354,-0.7821983,0.8540923,0.5441695,-0.7934662,0.8386035,0.5437338,-0.7734307,0.8236861,0.5450315,-0.765354,0.8632061,0.5699745,-0.8415282,0.008847306,
1529669656141,0.8476281,0.5680454,-0.864255,0.8229256,0.5756468,-0.8372456,0.8072383,0.56768,-0.8185269,0.8347008,0.5908545,-0.8051474,0.8105559,0.5876678,-0.8073884,0.8073491,0.5784489,-0.8227767,0.8364648,0.5746691,-0.7969598,0.8072577,0.5752295,-0.7999332,0.7992236,0.5686707,-0.818271,0.8462306,0.5534413,-0.7875435,0.8187643,0.5566532,-0.7741798,0.7990506,0.5566529,-0.7812575,0.8508301,0.5315319,-0.7899241,0.8333939,0.5322132,-0.7717586,0.8174064,0.5340415,-0.7665534,0.8619729,0.555047,-0.8381341,0.01157766,
1529669656167,0.8480984,0.5587586,-0.8624239,0.8227777,0.5665727,-0.8360714,0.8068255,0.5585712,-0.817704,0.8332997,0.5844072,-0.8050643,0.8092893,0.581269,-0.8079852,0.8066741,0.5715097,-0.8231245,0.834649,0.5685573,-0.7963107,0.8054782,0.5691886,-0.8002971,0.7979367,0.5619631,-0.8185657,0.8437576,0.5474462,-0.7858695,0.8155965,0.5512322,-0.7730124,0.7953361,0.5513991,-0.7790851,0.8484784,0.5257161,-0.7870892,0.8302798,0.5273614,-0.7699385,0.813983,0.5296118,-0.7663034,0.8612971,0.5472854,-0.8358111,0.01402888,
